{
  "timestamp": "2026-04-29T21:46:47.684932",
  "best_version": "V4: 押し目買い特化",
  "summary": {
    "V1: ベースライン": {
      "avg_ret": 3.39,
      "avg_profit": 3391.0
    },
    "V2: トレーリング+ATR": {
      "avg_ret": 6.04,
      "avg_profit": 6043.666666666667
    },
    "V3: 複利+緩和条件": {
      "avg_ret": 9.723333333333334,
      "avg_profit": 9724.333333333334
    },
    "V4: 押し目買い特化": {
      "avg_ret": 10.536666666666667,
      "avg_profit": 10537.0
    }
  }
}